{"stats":{"minecraft:picked_up":{"minecraft:crafting_table":1,"minecraft:azure_bluet":1,"minecraft:basalt":2,"minecraft:crimson_stem":4,"minecraft:leather":2,"minecraft:flint":1,"minecraft:crimson_planks":5,"minecraft:oak_log":16,"minecraft:nether_wart_block":14,"minecraft:polished_blackstone_brick_stairs":3,"minecraft:iron_axe":1,"minecraft:flint_and_steel":1,"minecraft:iron_leggings":1,"minecraft:blackstone":2,"minecraft:gold_nugget":53,"minecraft:beef":2,"minecraft:iron_pickaxe":1,"minecraft:iron_sword":1,"minecraft:oak_planks":14,"minecraft:iron_boots":1,"minecraft:golden_helmet":1,"minecraft:stick":2,"minecraft:gravel":7,"minecraft:polished_blackstone_bricks":75,"minecraft:golden_axe":1,"minecraft:white_bed":2,"minecraft:weeping_vines":4,"minecraft:hay_block":19,"minecraft:cracked_polished_blackstone_bricks":65,"minecraft:bread":54,"minecraft:warped_roots":1,"minecraft:netherrack":102,"minecraft:obsidian":10,"minecraft:coal":16,"minecraft:cobblestone":4},"minecraft:dropped":{"minecraft:warped_roots":1,"minecraft:wooden_hoe":1,"minecraft:beef":2},"minecraft:used":{"minecraft:flint_and_steel":1,"minecraft:oak_planks":24,"minecraft:chest":1,"minecraft:iron_sword":28,"minecraft:polished_blackstone_bricks":13,"minecraft:netherrack":86,"minecraft:crafting_table":4,"minecraft:white_bed":2,"minecraft:azure_bluet":1,"minecraft:obsidian":10,"minecraft:wooden_hoe":18,"minecraft:diamond_pickaxe":12,"minecraft:apple":1,"minecraft:bread":11,"minecraft:iron_axe":39,"minecraft:iron_pickaxe":217,"minecraft:gravel":7,"minecraft:crimson_planks":13,"minecraft:golden_helmet":1,"minecraft:cobblestone":4,"minecraft:iron_leggings":1},"minecraft:killed_by":{"minecraft:piglin_brute":1},"minecraft:mined":{"minecraft:nether_gold_ore":14,"minecraft:white_bed":2,"minecraft:blackstone":1,"minecraft:crimson_nylium":3,"minecraft:basalt":1,"minecraft:obsidian":10,"minecraft:crafting_table":1,"minecraft:short_grass":29,"minecraft:cracked_polished_blackstone_bricks":34,"minecraft:tall_grass":7,"minecraft:polished_blackstone_brick_stairs":2,"minecraft:crimson_stem":4,"minecraft:hay_block":19,"minecraft:polished_blackstone_bricks":41,"minecraft:weeping_vines_plant":1,"minecraft:nether_wart_block":7,"minecraft:azure_bluet":1,"minecraft:coal_ore":16,"minecraft:oak_log":17,"minecraft:gravel":8,"minecraft:crimson_planks":1,"minecraft:stone":4,"minecraft:netherrack":101},"minecraft:crafted":{"minecraft:oak_planks":64,"minecraft:crimson_planks":16,"minecraft:crafting_table":3,"minecraft:bread":57,"minecraft:flint_and_steel":1,"minecraft:wooden_hoe":1,"minecraft:diamond_pickaxe":1,"minecraft:iron_axe":1,"minecraft:stick":8,"minecraft:chest":1,"minecraft:iron_leggings":1,"minecraft:gold_ingot":5,"minecraft:golden_helmet":1,"minecraft:wheat":171},"minecraft:killed":{"minecraft:piglin":2,"minecraft:creeper":1,"minecraft:piglin_brute":3,"minecraft:cow":1},"minecraft:custom":{"minecraft:mob_kills":7,"minecraft:interact_with_crafting_table":11,"minecraft:leave_game":3,"minecraft:time_since_death":6452,"minecraft:sleep_in_bed":2,"minecraft:time_since_rest":6472,"minecraft:sprint_one_cm":71771,"minecraft:damage_taken":712,"minecraft:walk_one_cm":82097,"minecraft:drop":4,"minecraft:damage_dealt":1955,"minecraft:swim_one_cm":8910,"minecraft:fly_one_cm":147424,"minecraft:open_chest":13,"minecraft:crouch_one_cm":28372,"minecraft:play_time":40899,"minecraft:deaths":1,"minecraft:sneak_time":8485,"minecraft:walk_under_water_one_cm":5151,"minecraft:jump":797,"minecraft:walk_on_water_one_cm":2882,"minecraft:total_world_time":40899,"minecraft:fall_one_cm":25855}},"DataVersion":3839}